[
  {
    "timestamp": "2025-02-12 02:57:57.395664",
    "device_id": "motion_sensor_1",
    "event_type": "motion_sensor",
    "value": 95.35
  },
  {
    "timestamp": "2025-02-12 08:17:37.198853",
    "device_id": "motion_sensor_1",
    "event_type": "motion_sensor",
    "value": 90.25
  },
  {
    "timestamp": "2025-02-12 12:01:19.093685",
    "device_id": "motion_sensor_1",
    "event_type": "motion_sensor",
    "value": 21.5
  },
  {
    "timestamp": "2025-02-13 00:20:16.619138",
    "device_id": "motion_sensor_1",
    "event_type": "motion_sensor",
    "value": 34.77
  }
]
