[
  {
    "timestamp": "2025-02-12 01:28:38.798247",
    "device_id": "water_leak_detector_3",
    "event_type": "water_leak_detector",
    "value": 22.33
  },
  {
    "timestamp": "2025-02-12 01:56:42.69897",
    "device_id": "water_leak_detector_3",
    "event_type": "water_leak_detector",
    "value": 48.36
  },
  {
    "timestamp": "2025-02-12 09:25:30.832231",
    "device_id": "water_leak_detector_3",
    "event_type": "water_leak_detector",
    "value": 59.65
  },
  {
    "timestamp": "2025-02-12 19:31:51.488752",
    "device_id": "water_leak_detector_3",
    "event_type": "water_leak_detector",
    "value": 33.24
  },
  {
    "timestamp": "2025-02-12 22:55:05.79334",
    "device_id": "water_leak_detector_3",
    "event_type": "water_leak_detector",
    "value": 33.42
  }
]
