[
  {
    "timestamp": "2025-02-12 07:18:40.304401",
    "device_id": "water_leak_detector_3",
    "event_type": "water_leak_detector",
    "value": 89.41
  },
  {
    "timestamp": "2025-02-12 11:04:47.077806",
    "device_id": "water_leak_detector_3",
    "event_type": "water_leak_detector",
    "value": 49.87
  },
  {
    "timestamp": "2025-02-12 11:22:25.278303",
    "device_id": "water_leak_detector_3",
    "event_type": "water_leak_detector",
    "value": 24.73
  },
  {
    "timestamp": "2025-02-12 15:03:03.687205",
    "device_id": "water_leak_detector_3",
    "event_type": "water_leak_detector",
    "value": 34.55
  }
]
