[
  {
    "timestamp": "2025-02-12 02:53:59.598925",
    "device_id": "water_leak_detector_3",
    "event_type": "water_leak_detector",
    "value": 59.49
  },
  {
    "timestamp": "2025-02-12 10:59:14.549191",
    "device_id": "water_leak_detector_3",
    "event_type": "water_leak_detector",
    "value": 67.15
  },
  {
    "timestamp": "2025-02-12 17:45:41.469822",
    "device_id": "water_leak_detector_3",
    "event_type": "water_leak_detector",
    "value": 42.94
  },
  {
    "timestamp": "2025-02-12 19:04:49.718881",
    "device_id": "water_leak_detector_3",
    "event_type": "water_leak_detector",
    "value": 39.39
  },
  {
    "timestamp": "2025-02-12 21:34:45.466708",
    "device_id": "water_leak_detector_3",
    "event_type": "water_leak_detector",
    "value": 23.53
  }
]
