[
  {
    "timestamp": "2025-02-12 08:31:54.101635",
    "device_id": "thermostat_1",
    "event_type": "thermostat",
    "value": 20.19
  },
  {
    "timestamp": "2025-02-12 10:08:34.762186",
    "device_id": "thermostat_1",
    "event_type": "thermostat",
    "value": 95.77
  },
  {
    "timestamp": "2025-02-12 11:15:56.626422",
    "device_id": "thermostat_1",
    "event_type": "thermostat",
    "value": 40.61
  },
  {
    "timestamp": "2025-02-12 20:23:06.230449",
    "device_id": "thermostat_1",
    "event_type": "thermostat",
    "value": 98.29
  },
  {
    "timestamp": "2025-02-12 20:47:56.2558",
    "device_id": "thermostat_1",
    "event_type": "thermostat",
    "value": 47.24
  }
]
