[
  {
    "timestamp": "2025-02-12 08:37:05.390689",
    "device_id": "motion_sensor_3",
    "event_type": "motion_sensor",
    "value": 22.31
  },
  {
    "timestamp": "2025-02-12 14:56:35.7911",
    "device_id": "motion_sensor_3",
    "event_type": "motion_sensor",
    "value": 49.34
  },
  {
    "timestamp": "2025-02-12 18:43:58.714988",
    "device_id": "motion_sensor_3",
    "event_type": "motion_sensor",
    "value": 82.17
  },
  {
    "timestamp": "2025-02-12 20:18:43.561824",
    "device_id": "motion_sensor_3",
    "event_type": "motion_sensor",
    "value": 33.34
  }
]
