[
  {
    "timestamp": "2025-02-12 00:49:32.076945",
    "device_id": "water_leak_detector_2",
    "event_type": "water_leak_detector",
    "value": 80.93
  },
  {
    "timestamp": "2025-02-12 01:55:40.159043",
    "device_id": "water_leak_detector_2",
    "event_type": "water_leak_detector",
    "value": 41.13
  },
  {
    "timestamp": "2025-02-12 03:39:00.704892",
    "device_id": "water_leak_detector_2",
    "event_type": "water_leak_detector",
    "value": 33.2
  },
  {
    "timestamp": "2025-02-12 17:20:45.378117",
    "device_id": "water_leak_detector_2",
    "event_type": "water_leak_detector",
    "value": 35.75
  },
  {
    "timestamp": "2025-02-12 22:15:30.012108",
    "device_id": "water_leak_detector_2",
    "event_type": "water_leak_detector",
    "value": 77.74
  }
]
