[
  {
    "timestamp": "2025-02-12 07:54:59.497141",
    "device_id": "thermostat_3",
    "event_type": "thermostat",
    "value": 53.13
  },
  {
    "timestamp": "2025-02-12 10:06:02.617597",
    "device_id": "thermostat_3",
    "event_type": "thermostat",
    "value": 81.94
  },
  {
    "timestamp": "2025-02-12 18:01:51.228248",
    "device_id": "thermostat_3",
    "event_type": "thermostat",
    "value": 27.54
  },
  {
    "timestamp": "2025-02-12 20:53:47.444833",
    "device_id": "thermostat_3",
    "event_type": "thermostat",
    "value": 68.3
  }
]
