[
  {
    "timestamp": "2025-02-12 01:56:33.570847",
    "device_id": "thermostat_2",
    "event_type": "thermostat",
    "value": 57.08
  },
  {
    "timestamp": "2025-02-12 13:38:37.352685",
    "device_id": "thermostat_2",
    "event_type": "thermostat",
    "value": 84.88
  },
  {
    "timestamp": "2025-02-12 17:30:44.096136",
    "device_id": "thermostat_2",
    "event_type": "thermostat",
    "value": 85.35
  },
  {
    "timestamp": "2025-02-12 17:42:26.754868",
    "device_id": "thermostat_2",
    "event_type": "thermostat",
    "value": 28.02
  }
]
