[
  {
    "timestamp": "2025-02-12 04:54:19.521605",
    "device_id": "thermostat_3",
    "event_type": "thermostat",
    "value": 53.45
  },
  {
    "timestamp": "2025-02-12 07:10:16.107156",
    "device_id": "thermostat_3",
    "event_type": "thermostat",
    "value": 20.58
  },
  {
    "timestamp": "2025-02-12 08:14:14.408646",
    "device_id": "thermostat_3",
    "event_type": "thermostat",
    "value": 45.99
  },
  {
    "timestamp": "2025-02-12 12:36:49.483841",
    "device_id": "thermostat_3",
    "event_type": "thermostat",
    "value": 75.8
  },
  {
    "timestamp": "2025-02-12 19:44:57.976934",
    "device_id": "thermostat_3",
    "event_type": "thermostat",
    "value": 70.43
  }
]
