[
  {
    "timestamp": "2025-02-12 02:24:49.052146",
    "device_id": "water_leak_detector_2",
    "event_type": "water_leak_detector",
    "value": 85.54
  },
  {
    "timestamp": "2025-02-12 04:29:51.927",
    "device_id": "water_leak_detector_2",
    "event_type": "water_leak_detector",
    "value": 73.38
  },
  {
    "timestamp": "2025-02-12 20:39:04.905862",
    "device_id": "water_leak_detector_2",
    "event_type": "water_leak_detector",
    "value": 32.81
  },
  {
    "timestamp": "2025-02-12 23:08:56.854293",
    "device_id": "water_leak_detector_2",
    "event_type": "water_leak_detector",
    "value": 62.08
  },
  {
    "timestamp": "2025-02-12 23:24:07.401275",
    "device_id": "water_leak_detector_2",
    "event_type": "water_leak_detector",
    "value": 26.87
  }
]
