[
  {
    "timestamp": "2025-02-12 10:07:56.333502",
    "device_id": "water_leak_detector_3",
    "event_type": "water_leak_detector",
    "value": 85.85
  },
  {
    "timestamp": "2025-02-12 12:13:47.161909",
    "device_id": "water_leak_detector_3",
    "event_type": "water_leak_detector",
    "value": 23.54
  },
  {
    "timestamp": "2025-02-12 14:50:49.115551",
    "device_id": "water_leak_detector_3",
    "event_type": "water_leak_detector",
    "value": 99.34
  },
  {
    "timestamp": "2025-02-12 16:08:17.973739",
    "device_id": "water_leak_detector_3",
    "event_type": "water_leak_detector",
    "value": 74.83
  },
  {
    "timestamp": "2025-02-12 16:19:40.23922",
    "device_id": "water_leak_detector_3",
    "event_type": "water_leak_detector",
    "value": 74.08
  }
]
