[
  {
    "timestamp": "2025-02-12 01:47:49.942522",
    "device_id": "water_leak_detector_1",
    "event_type": "water_leak_detector",
    "value": 98.63
  },
  {
    "timestamp": "2025-02-12 06:43:02.301026",
    "device_id": "water_leak_detector_1",
    "event_type": "water_leak_detector",
    "value": 45.07
  },
  {
    "timestamp": "2025-02-12 17:48:50.274066",
    "device_id": "water_leak_detector_1",
    "event_type": "water_leak_detector",
    "value": 51
  },
  {
    "timestamp": "2025-02-12 21:25:30.739057",
    "device_id": "water_leak_detector_1",
    "event_type": "water_leak_detector",
    "value": 55.17
  }
]
