[
  {
    "timestamp": "2025-02-12 03:51:29.764098",
    "device_id": "motion_sensor_1",
    "event_type": "motion_sensor",
    "value": 75.69
  },
  {
    "timestamp": "2025-02-12 07:37:38.3386",
    "device_id": "motion_sensor_1",
    "event_type": "motion_sensor",
    "value": 33.09
  },
  {
    "timestamp": "2025-02-12 08:47:16.436337",
    "device_id": "motion_sensor_1",
    "event_type": "motion_sensor",
    "value": 30.07
  },
  {
    "timestamp": "2025-02-12 20:01:49.287701",
    "device_id": "motion_sensor_1",
    "event_type": "motion_sensor",
    "value": 96.41
  },
  {
    "timestamp": "2025-02-12 21:58:07.619293",
    "device_id": "motion_sensor_1",
    "event_type": "motion_sensor",
    "value": 68.89
  }
]
