[
  {
    "timestamp": "2025-02-12 03:52:51.61803",
    "device_id": "motion_sensor_1",
    "event_type": "motion_sensor",
    "value": 97.25
  },
  {
    "timestamp": "2025-02-12 04:32:01.648413",
    "device_id": "motion_sensor_1",
    "event_type": "motion_sensor",
    "value": 22.66
  },
  {
    "timestamp": "2025-02-12 08:48:18.550243",
    "device_id": "motion_sensor_1",
    "event_type": "motion_sensor",
    "value": 87.19
  },
  {
    "timestamp": "2025-02-12 18:18:35.134495",
    "device_id": "motion_sensor_1",
    "event_type": "motion_sensor",
    "value": 29.55
  }
]
