[
  {
    "timestamp": "2025-02-12 09:21:57.841611",
    "device_id": "motion_sensor_3",
    "event_type": "motion_sensor",
    "value": 38.4
  },
  {
    "timestamp": "2025-02-12 09:59:18.98554",
    "device_id": "motion_sensor_3",
    "event_type": "motion_sensor",
    "value": 30.39
  },
  {
    "timestamp": "2025-02-12 13:11:03.674094",
    "device_id": "motion_sensor_3",
    "event_type": "motion_sensor",
    "value": 41.91
  },
  {
    "timestamp": "2025-02-12 13:48:10.532323",
    "device_id": "motion_sensor_3",
    "event_type": "motion_sensor",
    "value": 68.52
  }
]
