[
  {
    "timestamp": "2025-02-12 03:05:40.420738",
    "device_id": "water_leak_detector_3",
    "event_type": "water_leak_detector",
    "value": 92.1
  },
  {
    "timestamp": "2025-02-12 05:45:28.914073",
    "device_id": "water_leak_detector_3",
    "event_type": "water_leak_detector",
    "value": 86.77
  },
  {
    "timestamp": "2025-02-12 11:27:48.03057",
    "device_id": "water_leak_detector_3",
    "event_type": "water_leak_detector",
    "value": 65.54
  },
  {
    "timestamp": "2025-02-12 13:39:12.411824",
    "device_id": "water_leak_detector_3",
    "event_type": "water_leak_detector",
    "value": 40.5
  },
  {
    "timestamp": "2025-02-12 17:33:14.223188",
    "device_id": "water_leak_detector_3",
    "event_type": "water_leak_detector",
    "value": 52.68
  }
]
