[
  {
    "timestamp": "2025-02-12 08:39:52.384979",
    "device_id": "motion_sensor_1",
    "event_type": "motion_sensor",
    "value": 87.81
  },
  {
    "timestamp": "2025-02-12 13:16:27.271411",
    "device_id": "motion_sensor_1",
    "event_type": "motion_sensor",
    "value": 27.83
  },
  {
    "timestamp": "2025-02-12 17:29:52.000668",
    "device_id": "motion_sensor_1",
    "event_type": "motion_sensor",
    "value": 95.05
  },
  {
    "timestamp": "2025-02-12 19:56:15.606576",
    "device_id": "motion_sensor_1",
    "event_type": "motion_sensor",
    "value": 29.68
  }
]
