[
  {
    "timestamp": "2025-02-12 05:05:03.256096",
    "device_id": "motion_sensor_3",
    "event_type": "motion_sensor",
    "value": 89.09
  },
  {
    "timestamp": "2025-02-12 09:06:50.007707",
    "device_id": "motion_sensor_3",
    "event_type": "motion_sensor",
    "value": 58.12
  },
  {
    "timestamp": "2025-02-12 10:41:54.860086",
    "device_id": "motion_sensor_3",
    "event_type": "motion_sensor",
    "value": 66.15
  },
  {
    "timestamp": "2025-02-12 11:23:42.908804",
    "device_id": "motion_sensor_3",
    "event_type": "motion_sensor",
    "value": 63.84
  },
  {
    "timestamp": "2025-02-12 14:06:22.482563",
    "device_id": "motion_sensor_3",
    "event_type": "motion_sensor",
    "value": 96.99
  }
]
