[
  {
    "timestamp": "2025-02-12 10:45:09.116117",
    "device_id": "thermostat_3",
    "event_type": "thermostat",
    "value": 20.61
  },
  {
    "timestamp": "2025-02-12 18:23:33.61155",
    "device_id": "thermostat_3",
    "event_type": "thermostat",
    "value": 80.88
  },
  {
    "timestamp": "2025-02-12 18:59:55.512469",
    "device_id": "thermostat_3",
    "event_type": "thermostat",
    "value": 29.32
  },
  {
    "timestamp": "2025-02-12 20:19:48.30655",
    "device_id": "thermostat_3",
    "event_type": "thermostat",
    "value": 30.83
  }
]
