[
  {
    "timestamp": "2025-02-12 10:12:35.627292",
    "device_id": "motion_sensor_2",
    "event_type": "motion_sensor",
    "value": 60.08
  },
  {
    "timestamp": "2025-02-12 16:21:51.623471",
    "device_id": "motion_sensor_2",
    "event_type": "motion_sensor",
    "value": 26.24
  },
  {
    "timestamp": "2025-02-12 18:42:22.975406",
    "device_id": "motion_sensor_2",
    "event_type": "motion_sensor",
    "value": 50.39
  },
  {
    "timestamp": "2025-02-12 19:39:19.040763",
    "device_id": "motion_sensor_2",
    "event_type": "motion_sensor",
    "value": 65.23
  },
  {
    "timestamp": "2025-02-13 00:00:56.455479",
    "device_id": "motion_sensor_2",
    "event_type": "motion_sensor",
    "value": 69.66
  }
]
