[
  {
    "timestamp": "2025-02-12 04:38:24.265126",
    "device_id": "water_leak_detector_3",
    "event_type": "water_leak_detector",
    "value": 32.49
  },
  {
    "timestamp": "2025-02-12 13:05:29.643972",
    "device_id": "water_leak_detector_3",
    "event_type": "water_leak_detector",
    "value": 95.16
  },
  {
    "timestamp": "2025-02-12 13:15:50.093795",
    "device_id": "water_leak_detector_3",
    "event_type": "water_leak_detector",
    "value": 42.59
  },
  {
    "timestamp": "2025-02-12 13:54:32.157382",
    "device_id": "water_leak_detector_3",
    "event_type": "water_leak_detector",
    "value": 63.39
  },
  {
    "timestamp": "2025-02-12 23:27:48.053698",
    "device_id": "water_leak_detector_3",
    "event_type": "water_leak_detector",
    "value": 77.1
  }
]
