[
  {
    "timestamp": "2025-02-12 02:11:03.2347",
    "device_id": "thermostat_3",
    "event_type": "thermostat",
    "value": 96.73
  },
  {
    "timestamp": "2025-02-12 05:34:48.683014",
    "device_id": "thermostat_3",
    "event_type": "thermostat",
    "value": 57.82
  },
  {
    "timestamp": "2025-02-12 10:52:06.851848",
    "device_id": "thermostat_3",
    "event_type": "thermostat",
    "value": 63.26
  },
  {
    "timestamp": "2025-02-12 19:52:33.37512",
    "device_id": "thermostat_3",
    "event_type": "thermostat",
    "value": 28.25
  }
]
