[
  {
    "timestamp": "2025-02-12 08:49:27.343304",
    "device_id": "thermostat_2",
    "event_type": "thermostat",
    "value": 85.6
  },
  {
    "timestamp": "2025-02-12 15:08:39.219475",
    "device_id": "thermostat_2",
    "event_type": "thermostat",
    "value": 90.36
  },
  {
    "timestamp": "2025-02-12 18:35:43.233458",
    "device_id": "thermostat_2",
    "event_type": "thermostat",
    "value": 46.17
  },
  {
    "timestamp": "2025-02-12 19:10:14.865432",
    "device_id": "thermostat_2",
    "event_type": "thermostat",
    "value": 75.82
  }
]
