[
  {
    "timestamp": "2025-02-12 03:19:32.334073",
    "device_id": "water_leak_detector_1",
    "event_type": "water_leak_detector",
    "value": 41.89
  },
  {
    "timestamp": "2025-02-12 10:17:19.863263",
    "device_id": "water_leak_detector_1",
    "event_type": "water_leak_detector",
    "value": 38.2
  },
  {
    "timestamp": "2025-02-12 23:05:43.013358",
    "device_id": "water_leak_detector_1",
    "event_type": "water_leak_detector",
    "value": 90.28
  },
  {
    "timestamp": "2025-02-13 00:03:35.7494",
    "device_id": "water_leak_detector_1",
    "event_type": "water_leak_detector",
    "value": 92.8
  }
]
