[
  {
    "timestamp": "2025-02-12 07:48:19.968026",
    "device_id": "water_leak_detector_3",
    "event_type": "water_leak_detector",
    "value": 87.81
  },
  {
    "timestamp": "2025-02-12 08:17:27.200935",
    "device_id": "water_leak_detector_3",
    "event_type": "water_leak_detector",
    "value": 24.64
  },
  {
    "timestamp": "2025-02-12 08:27:17.260559",
    "device_id": "water_leak_detector_3",
    "event_type": "water_leak_detector",
    "value": 49.2
  },
  {
    "timestamp": "2025-02-12 08:34:41.8464",
    "device_id": "water_leak_detector_3",
    "event_type": "water_leak_detector",
    "value": 23.33
  },
  {
    "timestamp": "2025-02-12 18:41:56.917372",
    "device_id": "water_leak_detector_3",
    "event_type": "water_leak_detector",
    "value": 48.85
  }
]
