[
  {
    "timestamp": "2025-02-12 12:12:34.258492",
    "device_id": "thermostat_3",
    "event_type": "thermostat",
    "value": 20.15
  },
  {
    "timestamp": "2025-02-12 22:46:54.23771",
    "device_id": "thermostat_3",
    "event_type": "thermostat",
    "value": 71.05
  },
  {
    "timestamp": "2025-02-12 23:13:45.116741",
    "device_id": "thermostat_3",
    "event_type": "thermostat",
    "value": 55.09
  },
  {
    "timestamp": "2025-02-12 23:58:48.35402",
    "device_id": "thermostat_3",
    "event_type": "thermostat",
    "value": 22.51
  },
  {
    "timestamp": "2025-02-13 00:20:45.594391",
    "device_id": "thermostat_3",
    "event_type": "thermostat",
    "value": 65.3
  }
]
