[
  {
    "timestamp": "2025-02-12 06:11:33.486763",
    "device_id": "motion_sensor_1",
    "event_type": "motion_sensor",
    "value": 76.75
  },
  {
    "timestamp": "2025-02-12 06:36:17.834515",
    "device_id": "motion_sensor_1",
    "event_type": "motion_sensor",
    "value": 23.36
  },
  {
    "timestamp": "2025-02-12 10:41:18.944033",
    "device_id": "motion_sensor_1",
    "event_type": "motion_sensor",
    "value": 73.3
  },
  {
    "timestamp": "2025-02-12 11:54:41.318968",
    "device_id": "motion_sensor_1",
    "event_type": "motion_sensor",
    "value": 39.45
  },
  {
    "timestamp": "2025-02-12 18:37:58.978264",
    "device_id": "motion_sensor_1",
    "event_type": "motion_sensor",
    "value": 29.73
  }
]
