[
  {
    "timestamp": "2025-02-12 10:58:41.539835",
    "device_id": "thermostat_1",
    "event_type": "thermostat",
    "value": 42.11
  },
  {
    "timestamp": "2025-02-12 12:04:26.308883",
    "device_id": "thermostat_1",
    "event_type": "thermostat",
    "value": 71.25
  },
  {
    "timestamp": "2025-02-12 18:51:14.779689",
    "device_id": "thermostat_1",
    "event_type": "thermostat",
    "value": 65.16
  },
  {
    "timestamp": "2025-02-12 22:21:04.125606",
    "device_id": "thermostat_1",
    "event_type": "thermostat",
    "value": 20.79
  }
]
