[
  {
    "timestamp": "2025-02-12 02:16:39.639043",
    "device_id": "water_leak_detector_2",
    "event_type": "water_leak_detector",
    "value": 48.78
  },
  {
    "timestamp": "2025-02-12 04:49:19.359044",
    "device_id": "water_leak_detector_2",
    "event_type": "water_leak_detector",
    "value": 47.62
  },
  {
    "timestamp": "2025-02-12 14:26:05.915834",
    "device_id": "water_leak_detector_2",
    "event_type": "water_leak_detector",
    "value": 67.86
  },
  {
    "timestamp": "2025-02-12 22:15:38.660952",
    "device_id": "water_leak_detector_2",
    "event_type": "water_leak_detector",
    "value": 61.24
  }
]
