[
  {
    "timestamp": "2025-02-12 03:06:23.845908",
    "device_id": "thermostat_1",
    "event_type": "thermostat",
    "value": 57.92
  },
  {
    "timestamp": "2025-02-12 11:13:05.830343",
    "device_id": "thermostat_1",
    "event_type": "thermostat",
    "value": 46.45
  },
  {
    "timestamp": "2025-02-12 12:26:35.818212",
    "device_id": "thermostat_1",
    "event_type": "thermostat",
    "value": 70.67
  },
  {
    "timestamp": "2025-02-12 16:02:28.733028",
    "device_id": "thermostat_1",
    "event_type": "thermostat",
    "value": 43.62
  },
  {
    "timestamp": "2025-02-12 18:50:54.947453",
    "device_id": "thermostat_1",
    "event_type": "thermostat",
    "value": 90.55
  }
]
