[
  {
    "timestamp": "2025-02-12 00:57:06.617028",
    "device_id": "water_leak_detector_1",
    "event_type": "water_leak_detector",
    "value": 27.52
  },
  {
    "timestamp": "2025-02-12 04:02:50.389757",
    "device_id": "water_leak_detector_1",
    "event_type": "water_leak_detector",
    "value": 25.55
  },
  {
    "timestamp": "2025-02-12 13:05:31.616019",
    "device_id": "water_leak_detector_1",
    "event_type": "water_leak_detector",
    "value": 69.39
  },
  {
    "timestamp": "2025-02-12 15:50:34.087675",
    "device_id": "water_leak_detector_1",
    "event_type": "water_leak_detector",
    "value": 75.96
  },
  {
    "timestamp": "2025-02-12 23:57:15.537452",
    "device_id": "water_leak_detector_1",
    "event_type": "water_leak_detector",
    "value": 59.15
  }
]
