[
  {
    "timestamp": "2025-02-12 09:24:05.113246",
    "device_id": "water_leak_detector_3",
    "event_type": "water_leak_detector",
    "value": 47.14
  },
  {
    "timestamp": "2025-02-12 09:39:16.182414",
    "device_id": "water_leak_detector_3",
    "event_type": "water_leak_detector",
    "value": 92.41
  },
  {
    "timestamp": "2025-02-12 12:05:15.728283",
    "device_id": "water_leak_detector_3",
    "event_type": "water_leak_detector",
    "value": 42.98
  },
  {
    "timestamp": "2025-02-12 20:29:50.109054",
    "device_id": "water_leak_detector_3",
    "event_type": "water_leak_detector",
    "value": 61.12
  }
]
