[
  {
    "timestamp": "2025-02-12 07:26:07.011514",
    "device_id": "thermostat_3",
    "event_type": "thermostat",
    "value": 82.78
  },
  {
    "timestamp": "2025-02-12 10:22:46.461103",
    "device_id": "thermostat_3",
    "event_type": "thermostat",
    "value": 27.51
  },
  {
    "timestamp": "2025-02-12 15:28:29.228197",
    "device_id": "thermostat_3",
    "event_type": "thermostat",
    "value": 30.97
  },
  {
    "timestamp": "2025-02-12 18:44:52.726725",
    "device_id": "thermostat_3",
    "event_type": "thermostat",
    "value": 65.89
  },
  {
    "timestamp": "2025-02-12 23:41:50.826196",
    "device_id": "thermostat_3",
    "event_type": "thermostat",
    "value": 27.32
  }
]
