[
  {
    "timestamp": "2025-02-12 03:47:47.905467",
    "device_id": "thermostat_1",
    "event_type": "thermostat",
    "value": 93.48
  },
  {
    "timestamp": "2025-02-12 12:42:47.980399",
    "device_id": "thermostat_1",
    "event_type": "thermostat",
    "value": 20.65
  },
  {
    "timestamp": "2025-02-12 14:22:28.479423",
    "device_id": "thermostat_1",
    "event_type": "thermostat",
    "value": 55.4
  },
  {
    "timestamp": "2025-02-12 14:57:48.319605",
    "device_id": "thermostat_1",
    "event_type": "thermostat",
    "value": 45.81
  },
  {
    "timestamp": "2025-02-12 19:36:20.855268",
    "device_id": "thermostat_1",
    "event_type": "thermostat",
    "value": 63.35
  }
]
