[
  {
    "timestamp": "2025-02-12 05:01:28.29645",
    "device_id": "water_leak_detector_2",
    "event_type": "water_leak_detector",
    "value": 65.12
  },
  {
    "timestamp": "2025-02-12 07:26:06.70677",
    "device_id": "water_leak_detector_2",
    "event_type": "water_leak_detector",
    "value": 99.67
  },
  {
    "timestamp": "2025-02-12 14:31:22.09199",
    "device_id": "water_leak_detector_2",
    "event_type": "water_leak_detector",
    "value": 99.35
  },
  {
    "timestamp": "2025-02-12 18:17:29.005166",
    "device_id": "water_leak_detector_2",
    "event_type": "water_leak_detector",
    "value": 35.21
  },
  {
    "timestamp": "2025-02-12 18:40:36.058777",
    "device_id": "water_leak_detector_2",
    "event_type": "water_leak_detector",
    "value": 44.06
  }
]
