[
  {
    "timestamp": "2025-02-12 04:51:19.042275",
    "device_id": "thermostat_3",
    "event_type": "thermostat",
    "value": 84.66
  },
  {
    "timestamp": "2025-02-12 09:55:02.770545",
    "device_id": "thermostat_3",
    "event_type": "thermostat",
    "value": 70.94
  },
  {
    "timestamp": "2025-02-12 17:46:01.137407",
    "device_id": "thermostat_3",
    "event_type": "thermostat",
    "value": 24.83
  },
  {
    "timestamp": "2025-02-12 18:47:49.430108",
    "device_id": "thermostat_3",
    "event_type": "thermostat",
    "value": 78.15
  }
]
