[
  {
    "timestamp": "2025-02-12 06:04:11.62156",
    "device_id": "motion_sensor_1",
    "event_type": "motion_sensor",
    "value": 45.52
  },
  {
    "timestamp": "2025-02-12 08:01:32.688538",
    "device_id": "motion_sensor_1",
    "event_type": "motion_sensor",
    "value": 61.37
  },
  {
    "timestamp": "2025-02-12 10:19:02.169462",
    "device_id": "motion_sensor_1",
    "event_type": "motion_sensor",
    "value": 47.75
  },
  {
    "timestamp": "2025-02-12 12:07:17.757082",
    "device_id": "motion_sensor_1",
    "event_type": "motion_sensor",
    "value": 29.84
  }
]
