[
  {
    "timestamp": "2025-02-12 01:21:35.789636",
    "device_id": "thermostat_1",
    "event_type": "thermostat",
    "value": 56.44
  },
  {
    "timestamp": "2025-02-12 08:54:28.850415",
    "device_id": "thermostat_1",
    "event_type": "thermostat",
    "value": 37.21
  },
  {
    "timestamp": "2025-02-12 11:18:18.604995",
    "device_id": "thermostat_1",
    "event_type": "thermostat",
    "value": 61.07
  },
  {
    "timestamp": "2025-02-12 16:47:44.990962",
    "device_id": "thermostat_1",
    "event_type": "thermostat",
    "value": 76.53
  },
  {
    "timestamp": "2025-02-12 23:43:25.819451",
    "device_id": "thermostat_1",
    "event_type": "thermostat",
    "value": 96.62
  }
]
