[
  {
    "timestamp": "2025-02-12 09:55:37.009726",
    "device_id": "water_leak_detector_2",
    "event_type": "water_leak_detector",
    "value": 82.09
  },
  {
    "timestamp": "2025-02-12 11:22:36.903904",
    "device_id": "water_leak_detector_2",
    "event_type": "water_leak_detector",
    "value": 80.73
  },
  {
    "timestamp": "2025-02-12 11:28:22.983559",
    "device_id": "water_leak_detector_2",
    "event_type": "water_leak_detector",
    "value": 45.75
  },
  {
    "timestamp": "2025-02-12 12:12:01.65638",
    "device_id": "water_leak_detector_2",
    "event_type": "water_leak_detector",
    "value": 36.55
  }
]
