[
  {
    "timestamp": "2025-02-12 08:14:20.630357",
    "device_id": "thermostat_1",
    "event_type": "thermostat",
    "value": 42.84
  },
  {
    "timestamp": "2025-02-12 14:13:56.745131",
    "device_id": "thermostat_1",
    "event_type": "thermostat",
    "value": 33.23
  },
  {
    "timestamp": "2025-02-12 16:44:38.610793",
    "device_id": "thermostat_1",
    "event_type": "thermostat",
    "value": 95.33
  },
  {
    "timestamp": "2025-02-12 18:46:48.538265",
    "device_id": "thermostat_1",
    "event_type": "thermostat",
    "value": 58.12
  }
]
