[
  {
    "timestamp": "2025-02-12 01:10:08.504315",
    "device_id": "water_leak_detector_1",
    "event_type": "water_leak_detector",
    "value": 51.12
  },
  {
    "timestamp": "2025-02-12 06:05:15.751863",
    "device_id": "water_leak_detector_1",
    "event_type": "water_leak_detector",
    "value": 66.79
  },
  {
    "timestamp": "2025-02-12 20:38:36.634667",
    "device_id": "water_leak_detector_1",
    "event_type": "water_leak_detector",
    "value": 80.3
  },
  {
    "timestamp": "2025-02-12 20:46:25.761975",
    "device_id": "water_leak_detector_1",
    "event_type": "water_leak_detector",
    "value": 75.79
  }
]
