[
  {
    "timestamp": "2025-02-12 05:26:16.957857",
    "device_id": "motion_sensor_3",
    "event_type": "motion_sensor",
    "value": 78.45
  },
  {
    "timestamp": "2025-02-12 12:29:00.580996",
    "device_id": "motion_sensor_3",
    "event_type": "motion_sensor",
    "value": 79.09
  },
  {
    "timestamp": "2025-02-12 12:57:54.311745",
    "device_id": "motion_sensor_3",
    "event_type": "motion_sensor",
    "value": 45.29
  },
  {
    "timestamp": "2025-02-12 21:15:19.392511",
    "device_id": "motion_sensor_3",
    "event_type": "motion_sensor",
    "value": 98.37
  },
  {
    "timestamp": "2025-02-13 00:25:27.873318",
    "device_id": "motion_sensor_3",
    "event_type": "motion_sensor",
    "value": 70.95
  }
]
