[
  {
    "timestamp": "2025-02-12 00:49:34.426595",
    "device_id": "water_leak_detector_2",
    "event_type": "water_leak_detector",
    "value": 26.39
  },
  {
    "timestamp": "2025-02-12 08:30:04.046173",
    "device_id": "water_leak_detector_2",
    "event_type": "water_leak_detector",
    "value": 42.86
  },
  {
    "timestamp": "2025-02-12 14:07:08.491735",
    "device_id": "water_leak_detector_2",
    "event_type": "water_leak_detector",
    "value": 55.9
  },
  {
    "timestamp": "2025-02-12 15:09:40.473175",
    "device_id": "water_leak_detector_2",
    "event_type": "water_leak_detector",
    "value": 44.54
  },
  {
    "timestamp": "2025-02-12 21:32:21.662573",
    "device_id": "water_leak_detector_2",
    "event_type": "water_leak_detector",
    "value": 63.63
  }
]
