[
  {
    "timestamp": "2025-02-12 03:40:21.522506",
    "device_id": "thermostat_2",
    "event_type": "thermostat",
    "value": 54.97
  },
  {
    "timestamp": "2025-02-12 04:41:54.682096",
    "device_id": "thermostat_2",
    "event_type": "thermostat",
    "value": 92.85
  },
  {
    "timestamp": "2025-02-12 14:27:38.74969",
    "device_id": "thermostat_2",
    "event_type": "thermostat",
    "value": 92.75
  },
  {
    "timestamp": "2025-02-12 21:31:54.611475",
    "device_id": "thermostat_2",
    "event_type": "thermostat",
    "value": 76.01
  }
]
