[
  {
    "timestamp": "2025-02-12 04:32:35.454671",
    "device_id": "motion_sensor_2",
    "event_type": "motion_sensor",
    "value": 54.25
  },
  {
    "timestamp": "2025-02-12 08:12:22.20455",
    "device_id": "motion_sensor_2",
    "event_type": "motion_sensor",
    "value": 72.5
  },
  {
    "timestamp": "2025-02-12 15:01:32.43898",
    "device_id": "motion_sensor_2",
    "event_type": "motion_sensor",
    "value": 72.77
  },
  {
    "timestamp": "2025-02-12 16:03:04.185059",
    "device_id": "motion_sensor_2",
    "event_type": "motion_sensor",
    "value": 43.26
  },
  {
    "timestamp": "2025-02-12 16:21:49.407884",
    "device_id": "motion_sensor_2",
    "event_type": "motion_sensor",
    "value": 43.03
  }
]
