[
  {
    "timestamp": "2025-02-12 00:59:59.177029",
    "device_id": "water_leak_detector_1",
    "event_type": "water_leak_detector",
    "value": 81.67
  },
  {
    "timestamp": "2025-02-12 04:22:50.292867",
    "device_id": "water_leak_detector_1",
    "event_type": "water_leak_detector",
    "value": 53.55
  },
  {
    "timestamp": "2025-02-12 08:23:34.491427",
    "device_id": "water_leak_detector_1",
    "event_type": "water_leak_detector",
    "value": 21.18
  },
  {
    "timestamp": "2025-02-12 11:49:53.812272",
    "device_id": "water_leak_detector_1",
    "event_type": "water_leak_detector",
    "value": 97.18
  },
  {
    "timestamp": "2025-02-12 19:06:56.349259",
    "device_id": "water_leak_detector_1",
    "event_type": "water_leak_detector",
    "value": 83.83
  }
]
