[
  {
    "timestamp": "2025-02-12 01:57:11.968218",
    "device_id": "motion_sensor_1",
    "event_type": "motion_sensor",
    "value": 41.81
  },
  {
    "timestamp": "2025-02-12 06:38:25.214858",
    "device_id": "motion_sensor_1",
    "event_type": "motion_sensor",
    "value": 74.34
  },
  {
    "timestamp": "2025-02-12 14:43:09.8051",
    "device_id": "motion_sensor_1",
    "event_type": "motion_sensor",
    "value": 80.85
  },
  {
    "timestamp": "2025-02-12 22:39:03.224294",
    "device_id": "motion_sensor_1",
    "event_type": "motion_sensor",
    "value": 37.44
  }
]
