[
  {
    "timestamp": "2025-02-12 04:07:59.853683",
    "device_id": "thermostat_1",
    "event_type": "thermostat",
    "value": 51.82
  },
  {
    "timestamp": "2025-02-12 08:41:32.830158",
    "device_id": "thermostat_1",
    "event_type": "thermostat",
    "value": 71.24
  },
  {
    "timestamp": "2025-02-12 10:58:33.925437",
    "device_id": "thermostat_1",
    "event_type": "thermostat",
    "value": 92.05
  },
  {
    "timestamp": "2025-02-13 00:05:11.696591",
    "device_id": "thermostat_1",
    "event_type": "thermostat",
    "value": 49.8
  }
]
