[
  {
    "timestamp": "2025-02-12 02:59:49.804904",
    "device_id": "motion_sensor_2",
    "event_type": "motion_sensor",
    "value": 42.29
  },
  {
    "timestamp": "2025-02-12 04:04:58.26387",
    "device_id": "motion_sensor_2",
    "event_type": "motion_sensor",
    "value": 86.57
  },
  {
    "timestamp": "2025-02-12 13:10:01.772584",
    "device_id": "motion_sensor_2",
    "event_type": "motion_sensor",
    "value": 81.14
  },
  {
    "timestamp": "2025-02-12 19:16:49.41646",
    "device_id": "motion_sensor_2",
    "event_type": "motion_sensor",
    "value": 83.7
  },
  {
    "timestamp": "2025-02-12 20:04:26.867205",
    "device_id": "motion_sensor_2",
    "event_type": "motion_sensor",
    "value": 60.5
  }
]
