[
  {
    "timestamp": "2025-02-12 09:51:41.747984",
    "device_id": "motion_sensor_1",
    "event_type": "motion_sensor",
    "value": 37.45
  },
  {
    "timestamp": "2025-02-12 12:59:41.708627",
    "device_id": "motion_sensor_1",
    "event_type": "motion_sensor",
    "value": 68.6
  },
  {
    "timestamp": "2025-02-12 13:31:56.539473",
    "device_id": "motion_sensor_1",
    "event_type": "motion_sensor",
    "value": 85.81
  },
  {
    "timestamp": "2025-02-12 15:03:11.307403",
    "device_id": "motion_sensor_1",
    "event_type": "motion_sensor",
    "value": 52.39
  }
]
