[
  {
    "timestamp": "2025-02-12 03:09:39.895725",
    "device_id": "water_leak_detector_3",
    "event_type": "water_leak_detector",
    "value": 48.21
  },
  {
    "timestamp": "2025-02-12 17:47:12.972252",
    "device_id": "water_leak_detector_3",
    "event_type": "water_leak_detector",
    "value": 75.22
  },
  {
    "timestamp": "2025-02-12 17:51:08.26472",
    "device_id": "water_leak_detector_3",
    "event_type": "water_leak_detector",
    "value": 74.93
  },
  {
    "timestamp": "2025-02-12 17:51:21.963559",
    "device_id": "water_leak_detector_3",
    "event_type": "water_leak_detector",
    "value": 77.09
  },
  {
    "timestamp": "2025-02-12 20:47:06.021515",
    "device_id": "water_leak_detector_3",
    "event_type": "water_leak_detector",
    "value": 64.35
  }
]
