[
  {
    "timestamp": "2025-02-12 05:10:29.810506",
    "device_id": "water_leak_detector_1",
    "event_type": "water_leak_detector",
    "value": 36.23
  },
  {
    "timestamp": "2025-02-12 06:21:23.542051",
    "device_id": "water_leak_detector_1",
    "event_type": "water_leak_detector",
    "value": 76.84
  },
  {
    "timestamp": "2025-02-12 06:24:15.705852",
    "device_id": "water_leak_detector_1",
    "event_type": "water_leak_detector",
    "value": 56.61
  },
  {
    "timestamp": "2025-02-12 08:38:09.622043",
    "device_id": "water_leak_detector_1",
    "event_type": "water_leak_detector",
    "value": 96
  }
]
