[
  {
    "timestamp": "2025-02-12 02:37:58.627658",
    "device_id": "water_leak_detector_3",
    "event_type": "water_leak_detector",
    "value": 96.12
  },
  {
    "timestamp": "2025-02-12 03:14:13.335898",
    "device_id": "water_leak_detector_3",
    "event_type": "water_leak_detector",
    "value": 73.1
  },
  {
    "timestamp": "2025-02-12 06:32:50.817043",
    "device_id": "water_leak_detector_3",
    "event_type": "water_leak_detector",
    "value": 47.3
  },
  {
    "timestamp": "2025-02-12 08:35:17.356374",
    "device_id": "water_leak_detector_3",
    "event_type": "water_leak_detector",
    "value": 51.28
  },
  {
    "timestamp": "2025-02-12 17:47:39.482645",
    "device_id": "water_leak_detector_3",
    "event_type": "water_leak_detector",
    "value": 39.89
  }
]
