[
  {
    "timestamp": "2025-02-12 01:12:45.164493",
    "device_id": "thermostat_3",
    "event_type": "thermostat",
    "value": 43.95
  },
  {
    "timestamp": "2025-02-12 14:00:13.808687",
    "device_id": "thermostat_3",
    "event_type": "thermostat",
    "value": 22.59
  },
  {
    "timestamp": "2025-02-12 21:25:51.757303",
    "device_id": "thermostat_3",
    "event_type": "thermostat",
    "value": 58.28
  },
  {
    "timestamp": "2025-02-12 23:25:14.027627",
    "device_id": "thermostat_3",
    "event_type": "thermostat",
    "value": 96.26
  }
]
