[
  {
    "timestamp": "2025-02-12 03:44:35.438263",
    "device_id": "thermostat_3",
    "event_type": "thermostat",
    "value": 87.02
  },
  {
    "timestamp": "2025-02-12 11:07:56.560302",
    "device_id": "thermostat_3",
    "event_type": "thermostat",
    "value": 39.42
  },
  {
    "timestamp": "2025-02-12 11:27:56.666989",
    "device_id": "thermostat_3",
    "event_type": "thermostat",
    "value": 68.67
  },
  {
    "timestamp": "2025-02-12 15:49:42.822876",
    "device_id": "thermostat_3",
    "event_type": "thermostat",
    "value": 43.39
  },
  {
    "timestamp": "2025-02-13 00:07:11.096041",
    "device_id": "thermostat_3",
    "event_type": "thermostat",
    "value": 76.1
  }
]
