[
  {
    "timestamp": "2025-02-12 02:44:53.645322",
    "device_id": "water_leak_detector_3",
    "event_type": "water_leak_detector",
    "value": 49.41
  },
  {
    "timestamp": "2025-02-12 07:04:26.867551",
    "device_id": "water_leak_detector_3",
    "event_type": "water_leak_detector",
    "value": 87.12
  },
  {
    "timestamp": "2025-02-12 13:34:02.783628",
    "device_id": "water_leak_detector_3",
    "event_type": "water_leak_detector",
    "value": 39.21
  },
  {
    "timestamp": "2025-02-12 17:02:37.548417",
    "device_id": "water_leak_detector_3",
    "event_type": "water_leak_detector",
    "value": 33.76
  }
]
