[
  {
    "timestamp": "2025-02-12 03:57:30.458428",
    "device_id": "motion_sensor_3",
    "event_type": "motion_sensor",
    "value": 67.61
  },
  {
    "timestamp": "2025-02-12 13:17:10.270556",
    "device_id": "motion_sensor_3",
    "event_type": "motion_sensor",
    "value": 52.65
  },
  {
    "timestamp": "2025-02-12 21:44:21.010346",
    "device_id": "motion_sensor_3",
    "event_type": "motion_sensor",
    "value": 87.67
  },
  {
    "timestamp": "2025-02-12 22:36:49.89898",
    "device_id": "motion_sensor_3",
    "event_type": "motion_sensor",
    "value": 93.12
  }
]
