[
  {
    "timestamp": "2025-02-12 06:21:14.386354",
    "device_id": "water_leak_detector_3",
    "event_type": "water_leak_detector",
    "value": 41.78
  },
  {
    "timestamp": "2025-02-12 19:00:50.889276",
    "device_id": "water_leak_detector_3",
    "event_type": "water_leak_detector",
    "value": 96.91
  },
  {
    "timestamp": "2025-02-12 22:08:27.236529",
    "device_id": "water_leak_detector_3",
    "event_type": "water_leak_detector",
    "value": 70.43
  },
  {
    "timestamp": "2025-02-13 00:02:56.159642",
    "device_id": "water_leak_detector_3",
    "event_type": "water_leak_detector",
    "value": 46.46
  }
]
